csv_file,system_prompt,user_prompt,true_label,predicted_label,success,done
data/split/reflection_test_examples/none/78_351976c5-465c-4613-9f33-add88a84c41d.csv,"Requirement: Analyze 2 conversation utterances and categorize the presence of a ""reflection"" statement in the ""Therapist"" utterance. Output ""simple"" if a simple reflection is detected, ""complex"" for a complex reflection, or ""none"" if no reflection is found. 
Context: Input is 2 utterances from a therapist-client conversation. A ""reflection"" involves repeating or rephrasing client statements, with sub-classification into Simple (RES) or Complex (REC). Simple reflections convey understanding without adding substantial meaning, while complex reflections deepen or expand on the client's statement.","Client: Yeah.
Therapist: Okay. When-when somebody has asthma, their lungs are like hypersensitive. If I could use an analogy, again, if-if you had the skin burnt off your arm, if somebody brushed up against you before he had the skin burned off your arm, it wouldn't bother you at all. But when the skin's burned off your arm, you literally react to it. Her lungs are exquisitely sensitive. Uh, and like the skin on your arm would be if the skin got burned off. And what this drug can do? This chronic inhaler is reduce the inflammation in her lungs so that her lungs don't remain exquisitely sensitive. Because otherwise, everything in the air like dust, pollen, uh, reacts with her, uh, in ways that it would not normally affect us.",none,none,True,True
data/split/reflection_test_examples/complex/91_21a9c32d-3a5a-48d1-a297-d970513fa6d8.csv,"Requirement: Analyze 2 conversation utterances and categorize the presence of a ""reflection"" statement in the ""Therapist"" utterance. Output ""simple"" if a simple reflection is detected, ""complex"" for a complex reflection, or ""none"" if no reflection is found. 
Context: Input is 2 utterances from a therapist-client conversation. A ""reflection"" involves repeating or rephrasing client statements, with sub-classification into Simple (RES) or Complex (REC). Simple reflections convey understanding without adding substantial meaning, while complex reflections deepen or expand on the client's statement.","Client: I mean, I feel like it is. I know when I've got that package in my pocket, or I know if there- if I'm going through some stress, I say, ""Oh, well, I'll have a cigarette and think this out.""
Therapist: Sure. So, Jean, I want to make sure that I've understood what you've told me of what you find good about smoking. So it helps you calm down. It gives you something to do. It's been part of your image. You know, you feel sophisticated. You feel like a movie style. In fact, the way you talk about it, it seems like that's what it makes you feel like. Is that right?",complex,complex,True,True
data/split/reflection_test_examples/complex/13_0be4d4f4-5599-429d-bfe9-98cd0de20339.csv,"Requirement: Analyze 2 conversation utterances and categorize the presence of a ""reflection"" statement in the ""Therapist"" utterance. Output ""simple"" if a simple reflection is detected, ""complex"" for a complex reflection, or ""none"" if no reflection is found. 
Context: Input is 2 utterances from a therapist-client conversation. A ""reflection"" involves repeating or rephrasing client statements, with sub-classification into Simple (RES) or Complex (REC). Simple reflections convey understanding without adding substantial meaning, while complex reflections deepen or expand on the client's statement.","Client: Uh, yeah, well, I was just- I was reading that it's better to let them build up their immunity, like, naturally and stuff in their immune systems.
Therapist: Okay, so you were thinking that maybe exposing Lily naturally to these diseases would be a better choice than using vaccines to help her get stronger?",complex,complex,True,True
data/split/reflection_test_examples/none/121_9f2539f1-5be7-4ac5-8254-acaa02eddd6e.csv,"Requirement: Analyze 2 conversation utterances and categorize the presence of a ""reflection"" statement in the ""Therapist"" utterance. Output ""simple"" if a simple reflection is detected, ""complex"" for a complex reflection, or ""none"" if no reflection is found. 
Context: Input is 2 utterances from a therapist-client conversation. A ""reflection"" involves repeating or rephrasing client statements, with sub-classification into Simple (RES) or Complex (REC). Simple reflections convey understanding without adding substantial meaning, while complex reflections deepen or expand on the client's statement.","Client: Yeah, that's cool.
Therapist: Maybe this is the-",none,none,True,True
data/split/reflection_test_examples/none/33_beb315ef-2379-4581-804d-956495f5f5c0.csv,"Requirement: Analyze 2 conversation utterances and categorize the presence of a ""reflection"" statement in the ""Therapist"" utterance. Output ""simple"" if a simple reflection is detected, ""complex"" for a complex reflection, or ""none"" if no reflection is found. 
Context: Input is 2 utterances from a therapist-client conversation. A ""reflection"" involves repeating or rephrasing client statements, with sub-classification into Simple (RES) or Complex (REC). Simple reflections convey understanding without adding substantial meaning, while complex reflections deepen or expand on the client's statement.","Client: I don't know. I really don't know. I just don't really want it.
Therapist: Mm-hmm.",none,none,True,True
data/split/reflection_test_examples/complex/133_f777cc05-2368-4483-8322-e7662ba5f853.csv,"Requirement: Analyze 2 conversation utterances and categorize the presence of a ""reflection"" statement in the ""Therapist"" utterance. Output ""simple"" if a simple reflection is detected, ""complex"" for a complex reflection, or ""none"" if no reflection is found. 
Context: Input is 2 utterances from a therapist-client conversation. A ""reflection"" involves repeating or rephrasing client statements, with sub-classification into Simple (RES) or Complex (REC). Simple reflections convey understanding without adding substantial meaning, while complex reflections deepen or expand on the client's statement.","Client: You know what? She hasn't even talked about the dealing, like, she won't even broach that subject. That's how black and white she is. She's- she'll be- she offers suggestions, you know? What I could do, and- or I kind of go with that, but none of them are-- You know, it's lovely that she's really finding things, but they're not the things. I mean, it-- I started kind of placating her and making it okay to keep giving me suggestions, but like, I need to come up with something because it's like awesome love, but you know, not in love, and she's getting sick of it already.
Therapist: Okay. All right. So-so back together, things are starting to get tense at home, and your relationship a little bit?",complex,complex,True,True
data/split/reflection_test_examples/complex/34_5e16f3ef-6109-4ac6-afc0-5449b5e79608.csv,"Requirement: Analyze 2 conversation utterances and categorize the presence of a ""reflection"" statement in the ""Therapist"" utterance. Output ""simple"" if a simple reflection is detected, ""complex"" for a complex reflection, or ""none"" if no reflection is found. 
Context: Input is 2 utterances from a therapist-client conversation. A ""reflection"" involves repeating or rephrasing client statements, with sub-classification into Simple (RES) or Complex (REC). Simple reflections convey understanding without adding substantial meaning, while complex reflections deepen or expand on the client's statement.","Client: Yeah.
Therapist: It's just the scene that they're-they're still in because their life maybe hasn't taken that change that your life has made. And so now, you're here and you're not sure. You want the baby, but you're not sure about the suburbs and the picket fence thing. You're not sure—",complex,complex,True,True
data/split/reflection_test_examples/none/85_dbb87417-6af9-44b6-9c2f-bd9faaa17e3b.csv,"Requirement: Analyze 2 conversation utterances and categorize the presence of a ""reflection"" statement in the ""Therapist"" utterance. Output ""simple"" if a simple reflection is detected, ""complex"" for a complex reflection, or ""none"" if no reflection is found. 
Context: Input is 2 utterances from a therapist-client conversation. A ""reflection"" involves repeating or rephrasing client statements, with sub-classification into Simple (RES) or Complex (REC). Simple reflections convey understanding without adding substantial meaning, while complex reflections deepen or expand on the client's statement.","Client: Yeah, I-I-I got to be careful with it. If I take more than a hit or two of it, it-it-it can be a bit of a problem.
Therapist: Yeah. Why, what happens if you take a little too much of it?",none,none,True,True
data/split/reflection_test_examples/complex/52_165dc6aa-efcf-45e4-a3f2-7e225307947e.csv,"Requirement: Analyze 2 conversation utterances and categorize the presence of a ""reflection"" statement in the ""Therapist"" utterance. Output ""simple"" if a simple reflection is detected, ""complex"" for a complex reflection, or ""none"" if no reflection is found. 
Context: Input is 2 utterances from a therapist-client conversation. A ""reflection"" involves repeating or rephrasing client statements, with sub-classification into Simple (RES) or Complex (REC). Simple reflections convey understanding without adding substantial meaning, while complex reflections deepen or expand on the client's statement.","Client: I really didn't think about how this would affect me playing sports.
Therapist: Based on your reason for your visit today, I feel like you really wanted to play soccer, and you have great goals about that.",complex,complex,True,True
data/split/reflection_test_examples/complex/120_2c416abd-6e08-492e-86ed-286d2d174995.csv,"Requirement: Analyze 2 conversation utterances and categorize the presence of a ""reflection"" statement in the ""Therapist"" utterance. Output ""simple"" if a simple reflection is detected, ""complex"" for a complex reflection, or ""none"" if no reflection is found. 
Context: Input is 2 utterances from a therapist-client conversation. A ""reflection"" involves repeating or rephrasing client statements, with sub-classification into Simple (RES) or Complex (REC). Simple reflections convey understanding without adding substantial meaning, while complex reflections deepen or expand on the client's statement.","Client: Yeah, I suppose. I know my weight is a problem, but every time I try to take it off, I end up gaining it back. I don't know what to do.
Therapist: I know how you feel. Managing weight can be frustrating. Maybe we can just start trying to figure it out together and I'll be here to help you through the challenges.",complex,complex,True,True
data/split/reflection_test_examples/complex/84_59f48eaf-7e85-4bea-ab77-0e2463e24e5f.csv,"Requirement: Analyze 2 conversation utterances and categorize the presence of a ""reflection"" statement in the ""Therapist"" utterance. Output ""simple"" if a simple reflection is detected, ""complex"" for a complex reflection, or ""none"" if no reflection is found. 
Context: Input is 2 utterances from a therapist-client conversation. A ""reflection"" involves repeating or rephrasing client statements, with sub-classification into Simple (RES) or Complex (REC). Simple reflections convey understanding without adding substantial meaning, while complex reflections deepen or expand on the client's statement.","Client: Just a waste of my time.
Therapist: Just was feeling like, ""Ugh, it's gonna be a waste of my time coming here.""",complex,simple,False,True
data/split/reflection_test_examples/none/14_9a28d33e-0820-4a91-bcc4-ee38bd49e6ce.csv,"Requirement: Analyze 2 conversation utterances and categorize the presence of a ""reflection"" statement in the ""Therapist"" utterance. Output ""simple"" if a simple reflection is detected, ""complex"" for a complex reflection, or ""none"" if no reflection is found. 
Context: Input is 2 utterances from a therapist-client conversation. A ""reflection"" involves repeating or rephrasing client statements, with sub-classification into Simple (RES) or Complex (REC). Simple reflections convey understanding without adding substantial meaning, while complex reflections deepen or expand on the client's statement.","Client: -I know that. But it's hard getting to the point where I-
Therapist: Okay.",none,none,True,True
data/split/reflection_test_examples/complex/96_0bd5f39e-0cb6-43ff-aa99-b68fd867a786.csv,"Requirement: Analyze 2 conversation utterances and categorize the presence of a ""reflection"" statement in the ""Therapist"" utterance. Output ""simple"" if a simple reflection is detected, ""complex"" for a complex reflection, or ""none"" if no reflection is found. 
Context: Input is 2 utterances from a therapist-client conversation. A ""reflection"" involves repeating or rephrasing client statements, with sub-classification into Simple (RES) or Complex (REC). Simple reflections convey understanding without adding substantial meaning, while complex reflections deepen or expand on the client's statement.","Client: Mm-hmm.
Therapist: -you know, nurturing that baby is really important to you-",complex,complex,True,True
data/split/reflection_test_examples/complex/28_cb359db8-b750-4f66-9dfe-51b4041c754c.csv,"Requirement: Analyze 2 conversation utterances and categorize the presence of a ""reflection"" statement in the ""Therapist"" utterance. Output ""simple"" if a simple reflection is detected, ""complex"" for a complex reflection, or ""none"" if no reflection is found. 
Context: Input is 2 utterances from a therapist-client conversation. A ""reflection"" involves repeating or rephrasing client statements, with sub-classification into Simple (RES) or Complex (REC). Simple reflections convey understanding without adding substantial meaning, while complex reflections deepen or expand on the client's statement.","Client: Mm-hmm.
Therapist: So, it's become harder to be a smoker. You light up a cigarette-cigarette and people make assumptions about you.",complex,complex,True,True
data/split/reflection_test_examples/simple/14_e3ad21a4-a84f-464e-873f-c457864ff08d.csv,"Requirement: Analyze 2 conversation utterances and categorize the presence of a ""reflection"" statement in the ""Therapist"" utterance. Output ""simple"" if a simple reflection is detected, ""complex"" for a complex reflection, or ""none"" if no reflection is found. 
Context: Input is 2 utterances from a therapist-client conversation. A ""reflection"" involves repeating or rephrasing client statements, with sub-classification into Simple (RES) or Complex (REC). Simple reflections convey understanding without adding substantial meaning, while complex reflections deepen or expand on the client's statement.","Client: I guess.
Therapist: So, why are you at a four and not even a lower number? Why are you not like a zero or a one?",simple,none,False,True
data/split/reflection_test_examples/simple/125_6c2b1758-b05f-41d9-b749-64e84d043d22.csv,"Requirement: Analyze 2 conversation utterances and categorize the presence of a ""reflection"" statement in the ""Therapist"" utterance. Output ""simple"" if a simple reflection is detected, ""complex"" for a complex reflection, or ""none"" if no reflection is found. 
Context: Input is 2 utterances from a therapist-client conversation. A ""reflection"" involves repeating or rephrasing client statements, with sub-classification into Simple (RES) or Complex (REC). Simple reflections convey understanding without adding substantial meaning, while complex reflections deepen or expand on the client's statement.","Client: The baby was up all night and I'm exhausted.
Therapist: So, what you're saying is you've had a rough night?",simple,complex,False,True
data/split/reflection_test_examples/complex/71_a70cd57b-a6e7-4bc6-aefb-5e8342eb6df5.csv,"Requirement: Analyze 2 conversation utterances and categorize the presence of a ""reflection"" statement in the ""Therapist"" utterance. Output ""simple"" if a simple reflection is detected, ""complex"" for a complex reflection, or ""none"" if no reflection is found. 
Context: Input is 2 utterances from a therapist-client conversation. A ""reflection"" involves repeating or rephrasing client statements, with sub-classification into Simple (RES) or Complex (REC). Simple reflections convey understanding without adding substantial meaning, while complex reflections deepen or expand on the client's statement.","Client: Mm.
Therapist: And harder to—",complex,none,False,True
data/split/reflection_test_examples/none/11_1dd8e076-9a62-4094-ba65-fdc5bcffa2aa.csv,"Requirement: Analyze 2 conversation utterances and categorize the presence of a ""reflection"" statement in the ""Therapist"" utterance. Output ""simple"" if a simple reflection is detected, ""complex"" for a complex reflection, or ""none"" if no reflection is found. 
Context: Input is 2 utterances from a therapist-client conversation. A ""reflection"" involves repeating or rephrasing client statements, with sub-classification into Simple (RES) or Complex (REC). Simple reflections convey understanding without adding substantial meaning, while complex reflections deepen or expand on the client's statement.","
Therapist: What else has brought you here?",none,none,True,True
data/split/reflection_test_examples/complex/84_1fee43bb-9fb6-4b05-93b1-430b01d1889c.csv,"Requirement: Analyze 2 conversation utterances and categorize the presence of a ""reflection"" statement in the ""Therapist"" utterance. Output ""simple"" if a simple reflection is detected, ""complex"" for a complex reflection, or ""none"" if no reflection is found. 
Context: Input is 2 utterances from a therapist-client conversation. A ""reflection"" involves repeating or rephrasing client statements, with sub-classification into Simple (RES) or Complex (REC). Simple reflections convey understanding without adding substantial meaning, while complex reflections deepen or expand on the client's statement.","Client: Yeah, me and my mates always get singled out.
Therapist: Okay, so you get singled out and that's what, um, means that you end up getting-- having to go to court and get sentenced and end on probation.",complex,complex,True,True
data/split/reflection_test_examples/complex/28_731cd151-4e00-4eb6-8518-cd80bcba60a7.csv,"Requirement: Analyze 2 conversation utterances and categorize the presence of a ""reflection"" statement in the ""Therapist"" utterance. Output ""simple"" if a simple reflection is detected, ""complex"" for a complex reflection, or ""none"" if no reflection is found. 
Context: Input is 2 utterances from a therapist-client conversation. A ""reflection"" involves repeating or rephrasing client statements, with sub-classification into Simple (RES) or Complex (REC). Simple reflections convey understanding without adding substantial meaning, while complex reflections deepen or expand on the client's statement.","Client: Right and, um, she's been expressing, you know, she walks in and she's like shhh and it's embarrassing for her friends and, um, and in-in turn, it's embarrassing for me.
Therapist: Okay. So, you-you wanna look good, you know, and she's proud of you I'm sure anyway and then this just would be an added benefit. Yeah.",complex,complex,True,True
data/split/reflection_test_examples/none/85_6bd89dee-7e2c-4ab2-a435-cc3530290bf2.csv,"Requirement: Analyze 2 conversation utterances and categorize the presence of a ""reflection"" statement in the ""Therapist"" utterance. Output ""simple"" if a simple reflection is detected, ""complex"" for a complex reflection, or ""none"" if no reflection is found. 
Context: Input is 2 utterances from a therapist-client conversation. A ""reflection"" involves repeating or rephrasing client statements, with sub-classification into Simple (RES) or Complex (REC). Simple reflections convey understanding without adding substantial meaning, while complex reflections deepen or expand on the client's statement.","Client: Right-right.
Therapist: And-and your wife, what does she have to say about that?",none,none,True,True
data/split/reflection_test_examples/none/51_b6343268-d5d0-437a-8db2-d4ff3475d1e1.csv,"Requirement: Analyze 2 conversation utterances and categorize the presence of a ""reflection"" statement in the ""Therapist"" utterance. Output ""simple"" if a simple reflection is detected, ""complex"" for a complex reflection, or ""none"" if no reflection is found. 
Context: Input is 2 utterances from a therapist-client conversation. A ""reflection"" involves repeating or rephrasing client statements, with sub-classification into Simple (RES) or Complex (REC). Simple reflections convey understanding without adding substantial meaning, while complex reflections deepen or expand on the client's statement.","
Therapist: Tell me what you know about the flu shot?",none,none,True,True
data/split/reflection_test_examples/complex/121_e62e21e5-9666-4987-a604-368e081309e4.csv,"Requirement: Analyze 2 conversation utterances and categorize the presence of a ""reflection"" statement in the ""Therapist"" utterance. Output ""simple"" if a simple reflection is detected, ""complex"" for a complex reflection, or ""none"" if no reflection is found. 
Context: Input is 2 utterances from a therapist-client conversation. A ""reflection"" involves repeating or rephrasing client statements, with sub-classification into Simple (RES) or Complex (REC). Simple reflections convey understanding without adding substantial meaning, while complex reflections deepen or expand on the client's statement.","Client: -for ages.
Therapist: They're food choices in what you eat and what's in your diet it's not what-something you actually you've actually been aware of or had to think about in the past.",complex,complex,True,True
data/split/reflection_test_examples/none/71_f9abf740-1057-4a4b-bcee-2112e633ab37.csv,"Requirement: Analyze 2 conversation utterances and categorize the presence of a ""reflection"" statement in the ""Therapist"" utterance. Output ""simple"" if a simple reflection is detected, ""complex"" for a complex reflection, or ""none"" if no reflection is found. 
Context: Input is 2 utterances from a therapist-client conversation. A ""reflection"" involves repeating or rephrasing client statements, with sub-classification into Simple (RES) or Complex (REC). Simple reflections convey understanding without adding substantial meaning, while complex reflections deepen or expand on the client's statement.","Client: Yeah.
Therapist: So, how much reading and writing is involved in the course that you're gonna go on?",none,none,True,True
data/split/reflection_test_examples/complex/34_1ce746bf-1468-4591-ab32-89b8807024a8.csv,"Requirement: Analyze 2 conversation utterances and categorize the presence of a ""reflection"" statement in the ""Therapist"" utterance. Output ""simple"" if a simple reflection is detected, ""complex"" for a complex reflection, or ""none"" if no reflection is found. 
Context: Input is 2 utterances from a therapist-client conversation. A ""reflection"" involves repeating or rephrasing client statements, with sub-classification into Simple (RES) or Complex (REC). Simple reflections convey understanding without adding substantial meaning, while complex reflections deepen or expand on the client's statement.","Client: And I know that if they found out, they would be really pissed.
Therapist: That would be a concern for them as well as for you now.",complex,complex,True,True
data/split/reflection_test_examples/simple/71_9bc2a4c8-4fc5-48b1-9c8b-184d6e21fdf8.csv,"Requirement: Analyze 2 conversation utterances and categorize the presence of a ""reflection"" statement in the ""Therapist"" utterance. Output ""simple"" if a simple reflection is detected, ""complex"" for a complex reflection, or ""none"" if no reflection is found. 
Context: Input is 2 utterances from a therapist-client conversation. A ""reflection"" involves repeating or rephrasing client statements, with sub-classification into Simple (RES) or Complex (REC). Simple reflections convey understanding without adding substantial meaning, while complex reflections deepen or expand on the client's statement.","Client: Like, well, I went out and picked some forms and stuff, but it's real confusing, like, having to apply, so I-I just couldn't-- I don't know. I couldn't do it.
Therapist: Okay. So, you actually went to the polytech—",simple,none,False,True
data/split/reflection_test_examples/simple/93_b070e223-1b83-4930-8f69-a97d80c806f3.csv,"Requirement: Analyze 2 conversation utterances and categorize the presence of a ""reflection"" statement in the ""Therapist"" utterance. Output ""simple"" if a simple reflection is detected, ""complex"" for a complex reflection, or ""none"" if no reflection is found. 
Context: Input is 2 utterances from a therapist-client conversation. A ""reflection"" involves repeating or rephrasing client statements, with sub-classification into Simple (RES) or Complex (REC). Simple reflections convey understanding without adding substantial meaning, while complex reflections deepen or expand on the client's statement.","Client: Hmm, I'd say I'm about an eight.
Therapist: Okay. So you're- you're feeling fairly motivated.",simple,complex,False,True
data/split/reflection_test_examples/none/20_351c1823-e08c-4146-89d7-8e416f3bd121.csv,"Requirement: Analyze 2 conversation utterances and categorize the presence of a ""reflection"" statement in the ""Therapist"" utterance. Output ""simple"" if a simple reflection is detected, ""complex"" for a complex reflection, or ""none"" if no reflection is found. 
Context: Input is 2 utterances from a therapist-client conversation. A ""reflection"" involves repeating or rephrasing client statements, with sub-classification into Simple (RES) or Complex (REC). Simple reflections convey understanding without adding substantial meaning, while complex reflections deepen or expand on the client's statement.","Client: Yeah.
Therapist: Where do you think we should go from here?",none,none,True,True
data/split/reflection_test_examples/complex/42_8116ebc2-fd47-4b1e-b3fc-c4b867371993.csv,"Requirement: Analyze 2 conversation utterances and categorize the presence of a ""reflection"" statement in the ""Therapist"" utterance. Output ""simple"" if a simple reflection is detected, ""complex"" for a complex reflection, or ""none"" if no reflection is found. 
Context: Input is 2 utterances from a therapist-client conversation. A ""reflection"" involves repeating or rephrasing client statements, with sub-classification into Simple (RES) or Complex (REC). Simple reflections convey understanding without adding substantial meaning, while complex reflections deepen or expand on the client's statement.","Client: Yes.
Therapist: At home or you think that they'll be supportive but they're not giving- they're not giving you what you need?",complex,complex,True,True
data/split/reflection_test_examples/simple/121_3e0e0b61-28d9-4dcc-8979-3329b78b5037.csv,"Requirement: Analyze 2 conversation utterances and categorize the presence of a ""reflection"" statement in the ""Therapist"" utterance. Output ""simple"" if a simple reflection is detected, ""complex"" for a complex reflection, or ""none"" if no reflection is found. 
Context: Input is 2 utterances from a therapist-client conversation. A ""reflection"" involves repeating or rephrasing client statements, with sub-classification into Simple (RES) or Complex (REC). Simple reflections convey understanding without adding substantial meaning, while complex reflections deepen or expand on the client's statement.","Client: You start off at breakfast and get yourself an apple, a bit-a bit of apple and-and so on. Um—
Therapist: So what I'm hearing you're kind of saying is, that there's-- You're now starting to think of some very useful little starting points.",simple,complex,False,True
data/split/reflection_test_examples/simple/89_24727023-ed30-4b7f-946d-a469bc73cd37.csv,"Requirement: Analyze 2 conversation utterances and categorize the presence of a ""reflection"" statement in the ""Therapist"" utterance. Output ""simple"" if a simple reflection is detected, ""complex"" for a complex reflection, or ""none"" if no reflection is found. 
Context: Input is 2 utterances from a therapist-client conversation. A ""reflection"" involves repeating or rephrasing client statements, with sub-classification into Simple (RES) or Complex (REC). Simple reflections convey understanding without adding substantial meaning, while complex reflections deepen or expand on the client's statement.","Client: Well, my wife is making me be here today. Uh, she thinks that it's a problem that I'm smoking weed, so she said, ""You need to go and get some help.""
Therapist: Okay. Um, so you said that your wife said it's a problem. Um, so do you not feel like it's a problem for you?",simple,complex,False,True
data/split/reflection_test_examples/complex/133_de880030-9231-4a66-89ad-1ee556afa8ff.csv,"Requirement: Analyze 2 conversation utterances and categorize the presence of a ""reflection"" statement in the ""Therapist"" utterance. Output ""simple"" if a simple reflection is detected, ""complex"" for a complex reflection, or ""none"" if no reflection is found. 
Context: Input is 2 utterances from a therapist-client conversation. A ""reflection"" involves repeating or rephrasing client statements, with sub-classification into Simple (RES) or Complex (REC). Simple reflections convey understanding without adding substantial meaning, while complex reflections deepen or expand on the client's statement.","Client: Oh, okay.
Therapist: -about stuff that's-that's quite deep-",complex,none,False,True
data/split/reflection_test_examples/simple/133_698e49fc-32c7-498b-b345-647756620dd1.csv,"Requirement: Analyze 2 conversation utterances and categorize the presence of a ""reflection"" statement in the ""Therapist"" utterance. Output ""simple"" if a simple reflection is detected, ""complex"" for a complex reflection, or ""none"" if no reflection is found. 
Context: Input is 2 utterances from a therapist-client conversation. A ""reflection"" involves repeating or rephrasing client statements, with sub-classification into Simple (RES) or Complex (REC). Simple reflections convey understanding without adding substantial meaning, while complex reflections deepen or expand on the client's statement.","Client: Ah, yeah. I could've done that
Therapist: You could've done that, but you're not. So I'm wondering what's different? 'Cause you may have done that in the past, I don't know, Daryl, with other people like me, but-but sounds like something's different this time.",simple,complex,False,True
data/split/reflection_test_examples/none/101_a479488c-1a5b-481b-869a-7395777104c7.csv,"Requirement: Analyze 2 conversation utterances and categorize the presence of a ""reflection"" statement in the ""Therapist"" utterance. Output ""simple"" if a simple reflection is detected, ""complex"" for a complex reflection, or ""none"" if no reflection is found. 
Context: Input is 2 utterances from a therapist-client conversation. A ""reflection"" involves repeating or rephrasing client statements, with sub-classification into Simple (RES) or Complex (REC). Simple reflections convey understanding without adding substantial meaning, while complex reflections deepen or expand on the client's statement.","Client: Okay.
Therapist: All right?",none,none,True,True
data/split/reflection_test_examples/none/48_01a84f6d-53f1-40c9-ae29-ea816c213ad5.csv,"Requirement: Analyze 2 conversation utterances and categorize the presence of a ""reflection"" statement in the ""Therapist"" utterance. Output ""simple"" if a simple reflection is detected, ""complex"" for a complex reflection, or ""none"" if no reflection is found. 
Context: Input is 2 utterances from a therapist-client conversation. A ""reflection"" involves repeating or rephrasing client statements, with sub-classification into Simple (RES) or Complex (REC). Simple reflections convey understanding without adding substantial meaning, while complex reflections deepen or expand on the client's statement.","Client: Like the learning is done but-
Therapist: Hmm.",none,none,True,True
data/split/reflection_test_examples/simple/60_9f4b276c-5758-4167-96c4-43c9a97abe00.csv,"Requirement: Analyze 2 conversation utterances and categorize the presence of a ""reflection"" statement in the ""Therapist"" utterance. Output ""simple"" if a simple reflection is detected, ""complex"" for a complex reflection, or ""none"" if no reflection is found. 
Context: Input is 2 utterances from a therapist-client conversation. A ""reflection"" involves repeating or rephrasing client statements, with sub-classification into Simple (RES) or Complex (REC). Simple reflections convey understanding without adding substantial meaning, while complex reflections deepen or expand on the client's statement.","Client: Yeah.
Therapist: And you're instant friends.",simple,none,False,True
data/split/reflection_test_examples/simple/121_138fb9a1-974a-4aba-bd46-40dd57fb2fb4.csv,"Requirement: Analyze 2 conversation utterances and categorize the presence of a ""reflection"" statement in the ""Therapist"" utterance. Output ""simple"" if a simple reflection is detected, ""complex"" for a complex reflection, or ""none"" if no reflection is found. 
Context: Input is 2 utterances from a therapist-client conversation. A ""reflection"" involves repeating or rephrasing client statements, with sub-classification into Simple (RES) or Complex (REC). Simple reflections convey understanding without adding substantial meaning, while complex reflections deepen or expand on the client's statement.","Client: Oh right, well, wha-what we talked about. Now, you know, uh, okay, uh, coffee. Right? No sugar.
Therapist: You'll start with that?",simple,none,False,True
data/split/reflection_test_examples/none/34_87094d4f-d5ce-460b-a149-8e93d8225c8c.csv,"Requirement: Analyze 2 conversation utterances and categorize the presence of a ""reflection"" statement in the ""Therapist"" utterance. Output ""simple"" if a simple reflection is detected, ""complex"" for a complex reflection, or ""none"" if no reflection is found. 
Context: Input is 2 utterances from a therapist-client conversation. A ""reflection"" involves repeating or rephrasing client statements, with sub-classification into Simple (RES) or Complex (REC). Simple reflections convey understanding without adding substantial meaning, while complex reflections deepen or expand on the client's statement.","Client: I wanna stay friends with them. I don't want- I don't want them to just-
Therapist: You don't wanna lose your support group, yeah. You just wanna them to support you in being healthy, while helping them, raising the babe, and so we're just taking path B. You don't wanna lose them, just maybe the lifestyle it sounds like.",none,complex,False,True
data/split/reflection_test_examples/none/0_8d574103-b499-4612-89de-0088645f664a.csv,"Requirement: Analyze 2 conversation utterances and categorize the presence of a ""reflection"" statement in the ""Therapist"" utterance. Output ""simple"" if a simple reflection is detected, ""complex"" for a complex reflection, or ""none"" if no reflection is found. 
Context: Input is 2 utterances from a therapist-client conversation. A ""reflection"" involves repeating or rephrasing client statements, with sub-classification into Simple (RES) or Complex (REC). Simple reflections convey understanding without adding substantial meaning, while complex reflections deepen or expand on the client's statement.","Client: Mm-hmm.
Therapist: -and you usually have three to four drinks when you do drink.",none,none,True,True
data/split/reflection_test_examples/simple/95_0a130ca3-9736-426f-aca7-96fbd2c753b3.csv,"Requirement: Analyze 2 conversation utterances and categorize the presence of a ""reflection"" statement in the ""Therapist"" utterance. Output ""simple"" if a simple reflection is detected, ""complex"" for a complex reflection, or ""none"" if no reflection is found. 
Context: Input is 2 utterances from a therapist-client conversation. A ""reflection"" involves repeating or rephrasing client statements, with sub-classification into Simple (RES) or Complex (REC). Simple reflections convey understanding without adding substantial meaning, while complex reflections deepen or expand on the client's statement.","Client: No, it just seems that cutting myself is the only way out. And I just get suicidal thoughts and [foreign language], I'm just very, very like depressed and what's going on at home.
Therapist: So you feel really, really like you've had it up to here.",simple,complex,False,True
data/split/reflection_test_examples/none/34_695f4e64-4f90-48ab-b41c-67032b5b50ac.csv,"Requirement: Analyze 2 conversation utterances and categorize the presence of a ""reflection"" statement in the ""Therapist"" utterance. Output ""simple"" if a simple reflection is detected, ""complex"" for a complex reflection, or ""none"" if no reflection is found. 
Context: Input is 2 utterances from a therapist-client conversation. A ""reflection"" involves repeating or rephrasing client statements, with sub-classification into Simple (RES) or Complex (REC). Simple reflections convey understanding without adding substantial meaning, while complex reflections deepen or expand on the client's statement.","Client: I don't think they realize, uh, that I'm doing it or how much I'm doing it.
Therapist: Okay.",none,none,True,True
data/split/reflection_test_examples/none/121_2dc31cb7-c150-4de5-894a-52f2476b9c30.csv,"Requirement: Analyze 2 conversation utterances and categorize the presence of a ""reflection"" statement in the ""Therapist"" utterance. Output ""simple"" if a simple reflection is detected, ""complex"" for a complex reflection, or ""none"" if no reflection is found. 
Context: Input is 2 utterances from a therapist-client conversation. A ""reflection"" involves repeating or rephrasing client statements, with sub-classification into Simple (RES) or Complex (REC). Simple reflections convey understanding without adding substantial meaning, while complex reflections deepen or expand on the client's statement.","Client: What, in about a month's time?
Therapist: That'd be great.",none,none,True,True
data/split/reflection_test_examples/complex/112_f1f155dc-2668-4934-9758-0ae3d3af6460.csv,"Requirement: Analyze 2 conversation utterances and categorize the presence of a ""reflection"" statement in the ""Therapist"" utterance. Output ""simple"" if a simple reflection is detected, ""complex"" for a complex reflection, or ""none"" if no reflection is found. 
Context: Input is 2 utterances from a therapist-client conversation. A ""reflection"" involves repeating or rephrasing client statements, with sub-classification into Simple (RES) or Complex (REC). Simple reflections convey understanding without adding substantial meaning, while complex reflections deepen or expand on the client's statement.","Client: -then just focus on my studies. Then if I have time for leisure time like I'll go party with my friends and just be as a party with them doesn't mean I have to drink. And I do one cup is not going to do anything to my life either. But I'd prefer not to do that. I prefer just make sure.
Therapist: So your goal is kind of to do not drink at all or if you are at a party, uh, a maximum of one at the very most.",complex,complex,True,True
data/split/reflection_test_examples/simple/85_56647719-0188-4fa7-8c25-f91beed5703f.csv,"Requirement: Analyze 2 conversation utterances and categorize the presence of a ""reflection"" statement in the ""Therapist"" utterance. Output ""simple"" if a simple reflection is detected, ""complex"" for a complex reflection, or ""none"" if no reflection is found. 
Context: Input is 2 utterances from a therapist-client conversation. A ""reflection"" involves repeating or rephrasing client statements, with sub-classification into Simple (RES) or Complex (REC). Simple reflections convey understanding without adding substantial meaning, while complex reflections deepen or expand on the client's statement.","Client: That's a good way to sum it up. And it's-- Well, you understand it, uh, it's just- it's not good.
Therapist: Mm. So, and then you said, you don't like how it makes you act, um, if you can tell me a little bit about that.",simple,complex,False,True
data/split/reflection_test_examples/simple/133_b9f3d7ef-90d1-466c-bfc9-7a283b19060f.csv,"Requirement: Analyze 2 conversation utterances and categorize the presence of a ""reflection"" statement in the ""Therapist"" utterance. Output ""simple"" if a simple reflection is detected, ""complex"" for a complex reflection, or ""none"" if no reflection is found. 
Context: Input is 2 utterances from a therapist-client conversation. A ""reflection"" involves repeating or rephrasing client statements, with sub-classification into Simple (RES) or Complex (REC). Simple reflections convey understanding without adding substantial meaning, while complex reflections deepen or expand on the client's statement.","Client: -I mean—
Therapist: So-So again, I'm-I'm wondering about this other world, and you're saying it doesn't look to attractive at the moment.",simple,complex,False,True
data/split/reflection_test_examples/complex/127_f6c56f95-0af8-431d-8f6d-a98ec7837d24.csv,"Requirement: Analyze 2 conversation utterances and categorize the presence of a ""reflection"" statement in the ""Therapist"" utterance. Output ""simple"" if a simple reflection is detected, ""complex"" for a complex reflection, or ""none"" if no reflection is found. 
Context: Input is 2 utterances from a therapist-client conversation. A ""reflection"" involves repeating or rephrasing client statements, with sub-classification into Simple (RES) or Complex (REC). Simple reflections convey understanding without adding substantial meaning, while complex reflections deepen or expand on the client's statement.","Client: Mm-hmm.
Therapist: -such a big part of your life for so long.",complex,none,False,True
data/split/reflection_test_examples/complex/121_4fe498f5-389d-4fd7-90c2-1d718187ff3d.csv,"Requirement: Analyze 2 conversation utterances and categorize the presence of a ""reflection"" statement in the ""Therapist"" utterance. Output ""simple"" if a simple reflection is detected, ""complex"" for a complex reflection, or ""none"" if no reflection is found. 
Context: Input is 2 utterances from a therapist-client conversation. A ""reflection"" involves repeating or rephrasing client statements, with sub-classification into Simple (RES) or Complex (REC). Simple reflections convey understanding without adding substantial meaning, while complex reflections deepen or expand on the client's statement.","Client: Of course, that's a double-edged sword a bit, because then I found I was drinking more coffee, you know.
Therapist: But they go together so well. And sugar in the coffee?",complex,none,False,True
data/split/reflection_test_examples/none/121_521c4c3c-b38a-4799-acc8-9bfca49b7d38.csv,"Requirement: Analyze 2 conversation utterances and categorize the presence of a ""reflection"" statement in the ""Therapist"" utterance. Output ""simple"" if a simple reflection is detected, ""complex"" for a complex reflection, or ""none"" if no reflection is found. 
Context: Input is 2 utterances from a therapist-client conversation. A ""reflection"" involves repeating or rephrasing client statements, with sub-classification into Simple (RES) or Complex (REC). Simple reflections convey understanding without adding substantial meaning, while complex reflections deepen or expand on the client's statement.","Client: -I must admit, I haven't done too much research. I've been a bit busy.
Therapist: Okay.",none,none,True,True
data/split/reflection_test_examples/complex/97_de635c0f-49f8-441e-91b3-e17398cd30cf.csv,"Requirement: Analyze 2 conversation utterances and categorize the presence of a ""reflection"" statement in the ""Therapist"" utterance. Output ""simple"" if a simple reflection is detected, ""complex"" for a complex reflection, or ""none"" if no reflection is found. 
Context: Input is 2 utterances from a therapist-client conversation. A ""reflection"" involves repeating or rephrasing client statements, with sub-classification into Simple (RES) or Complex (REC). Simple reflections convey understanding without adding substantial meaning, while complex reflections deepen or expand on the client's statement.","Client: Yeah, I mean, there are rather other things, but I mean, yeah, the weight is a- is a- is a- something I would like to get hold off. You get on [inaudible 00:03:17]
Therapist: You'd like to, if you could?",complex,simple,False,True
data/split/reflection_test_examples/none/84_2e70e1bf-0009-4fac-b17d-42b04c1834b2.csv,"Requirement: Analyze 2 conversation utterances and categorize the presence of a ""reflection"" statement in the ""Therapist"" utterance. Output ""simple"" if a simple reflection is detected, ""complex"" for a complex reflection, or ""none"" if no reflection is found. 
Context: Input is 2 utterances from a therapist-client conversation. A ""reflection"" involves repeating or rephrasing client statements, with sub-classification into Simple (RES) or Complex (REC). Simple reflections convey understanding without adding substantial meaning, while complex reflections deepen or expand on the client's statement.","Client: Yeah.
Therapist: Cool. What else would, um, would help to kind of keep you out of trouble do you think?",none,none,True,True
data/split/reflection_test_examples/simple/35_5af8d8d2-401c-4094-bc96-11e842789905.csv,"Requirement: Analyze 2 conversation utterances and categorize the presence of a ""reflection"" statement in the ""Therapist"" utterance. Output ""simple"" if a simple reflection is detected, ""complex"" for a complex reflection, or ""none"" if no reflection is found. 
Context: Input is 2 utterances from a therapist-client conversation. A ""reflection"" involves repeating or rephrasing client statements, with sub-classification into Simple (RES) or Complex (REC). Simple reflections convey understanding without adding substantial meaning, while complex reflections deepen or expand on the client's statement.","Client: So I am, um, 28. And I moved out to Arizona about six months ago. Um, I really enjoy spending time with my family and hanging out with friends whenever I can. Work keeps me pretty busy. Um, But I'm really, um, looking to kind of make some changes to my diet and physical activity. I'm not really happy with where my weight's at right now, and, uh, so I thought it'd be good to come and talk with you about some of that stuff.
Therapist: Yeah, you're feeling a little bit dissatisfied with your health patterns?",simple,complex,False,True
data/split/reflection_test_examples/simple/86_fb8f0468-d2df-40a2-94ac-ff80768b40a7.csv,"Requirement: Analyze 2 conversation utterances and categorize the presence of a ""reflection"" statement in the ""Therapist"" utterance. Output ""simple"" if a simple reflection is detected, ""complex"" for a complex reflection, or ""none"" if no reflection is found. 
Context: Input is 2 utterances from a therapist-client conversation. A ""reflection"" involves repeating or rephrasing client statements, with sub-classification into Simple (RES) or Complex (REC). Simple reflections convey understanding without adding substantial meaning, while complex reflections deepen or expand on the client's statement.","Client: Mm-hmm. I really shouldn't have done it.
Therapist: You realize it's something you shouldn't have done.",simple,simple,True,True
data/split/reflection_test_examples/none/84_5b517e87-8c14-4bde-ae78-2d6e8329cbee.csv,"Requirement: Analyze 2 conversation utterances and categorize the presence of a ""reflection"" statement in the ""Therapist"" utterance. Output ""simple"" if a simple reflection is detected, ""complex"" for a complex reflection, or ""none"" if no reflection is found. 
Context: Input is 2 utterances from a therapist-client conversation. A ""reflection"" involves repeating or rephrasing client statements, with sub-classification into Simple (RES) or Complex (REC). Simple reflections convey understanding without adding substantial meaning, while complex reflections deepen or expand on the client's statement.","Client: Well, not too high. It's not like I'm out killing people or anything. It's just-
Therapist: Okay.",none,none,True,True
data/split/reflection_test_examples/complex/121_9e1ee0a1-9a9a-4d96-8824-a66441ecc241.csv,"Requirement: Analyze 2 conversation utterances and categorize the presence of a ""reflection"" statement in the ""Therapist"" utterance. Output ""simple"" if a simple reflection is detected, ""complex"" for a complex reflection, or ""none"" if no reflection is found. 
Context: Input is 2 utterances from a therapist-client conversation. A ""reflection"" involves repeating or rephrasing client statements, with sub-classification into Simple (RES) or Complex (REC). Simple reflections convey understanding without adding substantial meaning, while complex reflections deepen or expand on the client's statement.","Client: But, um, that's really why I'm here. I'm on his command, almost.
Therapist: Right, so he kinda gave you a directive?",complex,simple,False,True
data/split/reflection_test_examples/complex/85_21b199fd-57fa-4193-9b02-f0dc0f02f9fc.csv,"Requirement: Analyze 2 conversation utterances and categorize the presence of a ""reflection"" statement in the ""Therapist"" utterance. Output ""simple"" if a simple reflection is detected, ""complex"" for a complex reflection, or ""none"" if no reflection is found. 
Context: Input is 2 utterances from a therapist-client conversation. A ""reflection"" involves repeating or rephrasing client statements, with sub-classification into Simple (RES) or Complex (REC). Simple reflections convey understanding without adding substantial meaning, while complex reflections deepen or expand on the client's statement.","Client: Uh. [clears throat] I'm not sure that the hospital is worse than the cotton ball, but I don't like it either.
Therapist: So, you'd really like to stay out of that hospital?",complex,complex,True,True
data/split/reflection_test_examples/simple/121_a541ed1c-aedb-4013-9c82-226f449f2bc4.csv,"Requirement: Analyze 2 conversation utterances and categorize the presence of a ""reflection"" statement in the ""Therapist"" utterance. Output ""simple"" if a simple reflection is detected, ""complex"" for a complex reflection, or ""none"" if no reflection is found. 
Context: Input is 2 utterances from a therapist-client conversation. A ""reflection"" involves repeating or rephrasing client statements, with sub-classification into Simple (RES) or Complex (REC). Simple reflections convey understanding without adding substantial meaning, while complex reflections deepen or expand on the client's statement.","Client: But I enjoy smoking. I really do enjoy it. So I cut it down to I suppose it's about 10 a day now.
Therapist: Okay, so you meant to reduce.",simple,none,False,True
data/split/reflection_test_examples/simple/121_bd8134ab-985a-4ae0-ab32-a91c25340fa8.csv,"Requirement: Analyze 2 conversation utterances and categorize the presence of a ""reflection"" statement in the ""Therapist"" utterance. Output ""simple"" if a simple reflection is detected, ""complex"" for a complex reflection, or ""none"" if no reflection is found. 
Context: Input is 2 utterances from a therapist-client conversation. A ""reflection"" involves repeating or rephrasing client statements, with sub-classification into Simple (RES) or Complex (REC). Simple reflections convey understanding without adding substantial meaning, while complex reflections deepen or expand on the client's statement.","Client: Yeah, but I don't have to give up anything really, do I?
Therapist: It's not about giving up your personality or-",simple,none,False,True
data/split/reflection_test_examples/none/121_19c7c91a-d65d-4ccc-8089-0e1876f8e35d.csv,"Requirement: Analyze 2 conversation utterances and categorize the presence of a ""reflection"" statement in the ""Therapist"" utterance. Output ""simple"" if a simple reflection is detected, ""complex"" for a complex reflection, or ""none"" if no reflection is found. 
Context: Input is 2 utterances from a therapist-client conversation. A ""reflection"" involves repeating or rephrasing client statements, with sub-classification into Simple (RES) or Complex (REC). Simple reflections convey understanding without adding substantial meaning, while complex reflections deepen or expand on the client's statement.","Client: Yeah, I think that you say where-where you're at now, where you're going, where—
Therapist: Yeah.",none,none,True,True
data/split/reflection_test_examples/complex/31_c3adf395-04a3-4436-8bc2-6fad48af6dc7.csv,"Requirement: Analyze 2 conversation utterances and categorize the presence of a ""reflection"" statement in the ""Therapist"" utterance. Output ""simple"" if a simple reflection is detected, ""complex"" for a complex reflection, or ""none"" if no reflection is found. 
Context: Input is 2 utterances from a therapist-client conversation. A ""reflection"" involves repeating or rephrasing client statements, with sub-classification into Simple (RES) or Complex (REC). Simple reflections convey understanding without adding substantial meaning, while complex reflections deepen or expand on the client's statement.","Client: Yeah.
Therapist: -preventing you from doing your livelihood.",complex,none,False,True
data/split/reflection_test_examples/simple/127_164ea70f-b73e-478f-bd66-8be34789137b.csv,"Requirement: Analyze 2 conversation utterances and categorize the presence of a ""reflection"" statement in the ""Therapist"" utterance. Output ""simple"" if a simple reflection is detected, ""complex"" for a complex reflection, or ""none"" if no reflection is found. 
Context: Input is 2 utterances from a therapist-client conversation. A ""reflection"" involves repeating or rephrasing client statements, with sub-classification into Simple (RES) or Complex (REC). Simple reflections convey understanding without adding substantial meaning, while complex reflections deepen or expand on the client's statement.","Client: Yes, just that work with the [unintelligible 00:01:24].
Therapist: Yeah, okay. And you have also thought about cutting back on alcohol.",simple,none,False,True
data/split/reflection_test_examples/simple/5_7badb6d1-17be-4f50-83bd-5f40a98bfbb0.csv,"Requirement: Analyze 2 conversation utterances and categorize the presence of a ""reflection"" statement in the ""Therapist"" utterance. Output ""simple"" if a simple reflection is detected, ""complex"" for a complex reflection, or ""none"" if no reflection is found. 
Context: Input is 2 utterances from a therapist-client conversation. A ""reflection"" involves repeating or rephrasing client statements, with sub-classification into Simple (RES) or Complex (REC). Simple reflections convey understanding without adding substantial meaning, while complex reflections deepen or expand on the client's statement.","Client: Like like getting on the piss, but with Donna, there kind of keeps me busy.
Therapist: Mm. So the drinking is something that we talked about can make it easier for you to offend.",simple,none,False,True
data/split/reflection_test_examples/complex/34_4c8de3ab-d77d-4dfe-98c7-648d852355da.csv,"Requirement: Analyze 2 conversation utterances and categorize the presence of a ""reflection"" statement in the ""Therapist"" utterance. Output ""simple"" if a simple reflection is detected, ""complex"" for a complex reflection, or ""none"" if no reflection is found. 
Context: Input is 2 utterances from a therapist-client conversation. A ""reflection"" involves repeating or rephrasing client statements, with sub-classification into Simple (RES) or Complex (REC). Simple reflections convey understanding without adding substantial meaning, while complex reflections deepen or expand on the client's statement.","Client: There's, yeah, there's part of me that still wants to live that out because I'm not going to have another chance, like once this kid comes, it's-it's going to be over. I know I'm gonna- I know I'm going to have to change.
Therapist: So, for you, you're feeling like once the baby comes and actually in your arms, then things are going to change, but right now, while you're pregnant, you're thinking, ""I can kind of hang out in both worlds a little bit,"" but part of you may be thinking maybe that's not the case. It's time to go to the mom world maybe.",complex,complex,True,True
data/split/reflection_test_examples/complex/113_49085c8c-4dd7-4820-b95a-7dbd383b8d44.csv,"Requirement: Analyze 2 conversation utterances and categorize the presence of a ""reflection"" statement in the ""Therapist"" utterance. Output ""simple"" if a simple reflection is detected, ""complex"" for a complex reflection, or ""none"" if no reflection is found. 
Context: Input is 2 utterances from a therapist-client conversation. A ""reflection"" involves repeating or rephrasing client statements, with sub-classification into Simple (RES) or Complex (REC). Simple reflections convey understanding without adding substantial meaning, while complex reflections deepen or expand on the client's statement.","Client: Well, I came today because my daughter's in the hospital as well. I think it's important to quit, but I enjoy smoking. I'm not ready to give it up right now. My life is too much in turmoil.
Therapist: So I get the impression that there are some things that you're concerned about, but that overall, coming in here wasn't necessarily the first thing that was on your mind when you came to the hospital with your daughter. Um, so can you tell me, what was it that made it possible for you to even come in? What-what were some of the things you were thinking about?",complex,complex,True,True
data/split/reflection_test_examples/none/121_d722ef9e-e1a0-4152-a48e-5e04ee77580a.csv,"Requirement: Analyze 2 conversation utterances and categorize the presence of a ""reflection"" statement in the ""Therapist"" utterance. Output ""simple"" if a simple reflection is detected, ""complex"" for a complex reflection, or ""none"" if no reflection is found. 
Context: Input is 2 utterances from a therapist-client conversation. A ""reflection"" involves repeating or rephrasing client statements, with sub-classification into Simple (RES) or Complex (REC). Simple reflections convey understanding without adding substantial meaning, while complex reflections deepen or expand on the client's statement.","Client: Mm, I mean, it is hereditary, is it?
Therapist: That's certainly true. Yes. We know that people who've had parents or have been in the past, there is a hereditary factor or genetic factor in-involved.",none,complex,False,True
data/split/reflection_test_examples/none/42_611bf328-a38c-4551-8104-faa1dd47dd98.csv,"Requirement: Analyze 2 conversation utterances and categorize the presence of a ""reflection"" statement in the ""Therapist"" utterance. Output ""simple"" if a simple reflection is detected, ""complex"" for a complex reflection, or ""none"" if no reflection is found. 
Context: Input is 2 utterances from a therapist-client conversation. A ""reflection"" involves repeating or rephrasing client statements, with sub-classification into Simple (RES) or Complex (REC). Simple reflections convey understanding without adding substantial meaning, while complex reflections deepen or expand on the client's statement.","Client: No, and specifically my father, he just-- Not only does he not want to support me with it but at the same time, he feels like I need to be gaining my weight back.
Therapist: Oh, okay.",none,none,True,True
data/split/reflection_test_examples/simple/85_799738d5-36b8-42d5-bdc4-fa005001d35b.csv,"Requirement: Analyze 2 conversation utterances and categorize the presence of a ""reflection"" statement in the ""Therapist"" utterance. Output ""simple"" if a simple reflection is detected, ""complex"" for a complex reflection, or ""none"" if no reflection is found. 
Context: Input is 2 utterances from a therapist-client conversation. A ""reflection"" involves repeating or rephrasing client statements, with sub-classification into Simple (RES) or Complex (REC). Simple reflections convey understanding without adding substantial meaning, while complex reflections deepen or expand on the client's statement.","Client: Very dull.
Therapist: Very dull.",simple,simple,True,True
data/split/reflection_test_examples/complex/121_5c52dc5d-4453-4c46-b6e8-e1225d419206.csv,"Requirement: Analyze 2 conversation utterances and categorize the presence of a ""reflection"" statement in the ""Therapist"" utterance. Output ""simple"" if a simple reflection is detected, ""complex"" for a complex reflection, or ""none"" if no reflection is found. 
Context: Input is 2 utterances from a therapist-client conversation. A ""reflection"" involves repeating or rephrasing client statements, with sub-classification into Simple (RES) or Complex (REC). Simple reflections convey understanding without adding substantial meaning, while complex reflections deepen or expand on the client's statement.","Client: No it's not. It's not.
Therapist: It's just tweaking things. Just fine-tuning a few areas and being a bit more aw-aware of one aspect of your life a bit more, like the food choices or whatever. Well, Mike, I-I've really enjoyed listening to your perspective, and your story a little bit, and it's helped me a lot to get an idea about where you're coming from, and a little bit about who you are, and what's happened in your past. And-and we've also talked a bit about what's going to happen next. And you've come up with some great ideas. What I hear you saying is that, you know, before all this, before you met the GP, things are going fine.Well, as you would of-- As, you know, as you'd seen it, you were just doing your thing, and getting on working, and being busy, and being successful, and then suddenly this diagnosis, this doctor tells you that you've got a problem.",complex,complex,True,True
data/split/reflection_test_examples/simple/65_9317b519-cfe2-4fe9-b5c9-2d2c0909abd4.csv,"Requirement: Analyze 2 conversation utterances and categorize the presence of a ""reflection"" statement in the ""Therapist"" utterance. Output ""simple"" if a simple reflection is detected, ""complex"" for a complex reflection, or ""none"" if no reflection is found. 
Context: Input is 2 utterances from a therapist-client conversation. A ""reflection"" involves repeating or rephrasing client statements, with sub-classification into Simple (RES) or Complex (REC). Simple reflections convey understanding without adding substantial meaning, while complex reflections deepen or expand on the client's statement.","Client: Mm-hmm.
Therapist: -the unpleasantness of that. Okay. What else might be on the, not so good side about smoking- about stopping?",simple,none,False,True
data/split/reflection_test_examples/none/77_c497d552-77a1-4097-b9d4-385d3e7a59cf.csv,"Requirement: Analyze 2 conversation utterances and categorize the presence of a ""reflection"" statement in the ""Therapist"" utterance. Output ""simple"" if a simple reflection is detected, ""complex"" for a complex reflection, or ""none"" if no reflection is found. 
Context: Input is 2 utterances from a therapist-client conversation. A ""reflection"" involves repeating or rephrasing client statements, with sub-classification into Simple (RES) or Complex (REC). Simple reflections convey understanding without adding substantial meaning, while complex reflections deepen or expand on the client's statement.","Client: Um, I guess the rehab.
Therapist: Mm-hmm. Yeah, you're absolutely right. And it's also going to be very important that once you're home, you're able to continue on a regular activity program. Have you thought about what that might look like?",none,none,True,True
data/split/reflection_test_examples/simple/133_78793978-b473-47a3-9322-41f470aad0b6.csv,"Requirement: Analyze 2 conversation utterances and categorize the presence of a ""reflection"" statement in the ""Therapist"" utterance. Output ""simple"" if a simple reflection is detected, ""complex"" for a complex reflection, or ""none"" if no reflection is found. 
Context: Input is 2 utterances from a therapist-client conversation. A ""reflection"" involves repeating or rephrasing client statements, with sub-classification into Simple (RES) or Complex (REC). Simple reflections convey understanding without adding substantial meaning, while complex reflections deepen or expand on the client's statement.","Client: -I-I might, you know, buy that.
Therapist: Yeah? You just described to me how it looked like a minute ago.",simple,none,False,True
data/split/reflection_test_examples/simple/86_0d552a27-2146-48fd-bb2e-a8191de3c666.csv,"Requirement: Analyze 2 conversation utterances and categorize the presence of a ""reflection"" statement in the ""Therapist"" utterance. Output ""simple"" if a simple reflection is detected, ""complex"" for a complex reflection, or ""none"" if no reflection is found. 
Context: Input is 2 utterances from a therapist-client conversation. A ""reflection"" involves repeating or rephrasing client statements, with sub-classification into Simple (RES) or Complex (REC). Simple reflections convey understanding without adding substantial meaning, while complex reflections deepen or expand on the client's statement.","Client: Mm-hmm. I still crave smoking, even though I've stopped.
Therapist: It's something that's always on your mind.",simple,simple,True,True
data/split/reflection_test_examples/simple/60_d7743153-4747-4000-a82f-ee91a4c44c28.csv,"Requirement: Analyze 2 conversation utterances and categorize the presence of a ""reflection"" statement in the ""Therapist"" utterance. Output ""simple"" if a simple reflection is detected, ""complex"" for a complex reflection, or ""none"" if no reflection is found. 
Context: Input is 2 utterances from a therapist-client conversation. A ""reflection"" involves repeating or rephrasing client statements, with sub-classification into Simple (RES) or Complex (REC). Simple reflections convey understanding without adding substantial meaning, while complex reflections deepen or expand on the client's statement.","Client: -system is really good.
Therapist: Okay. So, that really sounds like something we can do.",simple,none,False,True
data/split/reflection_test_examples/simple/82_2a29fbc4-8e2a-4966-ba04-26a4b28a871f.csv,"Requirement: Analyze 2 conversation utterances and categorize the presence of a ""reflection"" statement in the ""Therapist"" utterance. Output ""simple"" if a simple reflection is detected, ""complex"" for a complex reflection, or ""none"" if no reflection is found. 
Context: Input is 2 utterances from a therapist-client conversation. A ""reflection"" involves repeating or rephrasing client statements, with sub-classification into Simple (RES) or Complex (REC). Simple reflections convey understanding without adding substantial meaning, while complex reflections deepen or expand on the client's statement.","Client: Yeah.
Therapist: -birth control issue and this importance comes down as your reason why you're not down here.",simple,none,False,True
data/split/reflection_test_examples/none/5_3e6db003-037c-4e3f-9d43-27ef97a27eee.csv,"Requirement: Analyze 2 conversation utterances and categorize the presence of a ""reflection"" statement in the ""Therapist"" utterance. Output ""simple"" if a simple reflection is detected, ""complex"" for a complex reflection, or ""none"" if no reflection is found. 
Context: Input is 2 utterances from a therapist-client conversation. A ""reflection"" involves repeating or rephrasing client statements, with sub-classification into Simple (RES) or Complex (REC). Simple reflections convey understanding without adding substantial meaning, while complex reflections deepen or expand on the client's statement.","Client: -heaps.
Therapist: It's helped heaps?",none,simple,False,True
data/split/reflection_test_examples/none/77_5508aa47-59c9-4327-b7b3-f95eef004268.csv,"Requirement: Analyze 2 conversation utterances and categorize the presence of a ""reflection"" statement in the ""Therapist"" utterance. Output ""simple"" if a simple reflection is detected, ""complex"" for a complex reflection, or ""none"" if no reflection is found. 
Context: Input is 2 utterances from a therapist-client conversation. A ""reflection"" involves repeating or rephrasing client statements, with sub-classification into Simple (RES) or Complex (REC). Simple reflections convey understanding without adding substantial meaning, while complex reflections deepen or expand on the client's statement.","Client: I have a friend who, uh, does it and she just raves about it. She loves it.
Therapist: Well, you know, Tai Chi is one of the best ways to get your balance back after you've had something like a stroke. And it's also really good for preventing falls. And if you wanna be home and you wanna be doing the things you wanna do and going for walks with your dog, it's very important to make sure that you don't fall 'cause that would cause more problems down the road.",none,none,True,True
data/split/reflection_test_examples/simple/133_52dd7b4f-a3fd-4d7a-9316-06bba1705348.csv,"Requirement: Analyze 2 conversation utterances and categorize the presence of a ""reflection"" statement in the ""Therapist"" utterance. Output ""simple"" if a simple reflection is detected, ""complex"" for a complex reflection, or ""none"" if no reflection is found. 
Context: Input is 2 utterances from a therapist-client conversation. A ""reflection"" involves repeating or rephrasing client statements, with sub-classification into Simple (RES) or Complex (REC). Simple reflections convey understanding without adding substantial meaning, while complex reflections deepen or expand on the client's statement.","Client: Yeah, but I'm that kinda guy.
Therapist: Yeah, you're that kinda guy okay, so once you make a decision. So you made a decision that you're not gonna- you're not gonna go back to dealing?",simple,simple,True,True
data/split/reflection_test_examples/complex/60_37585c48-a9c7-429e-b14a-1c0670c060a4.csv,"Requirement: Analyze 2 conversation utterances and categorize the presence of a ""reflection"" statement in the ""Therapist"" utterance. Output ""simple"" if a simple reflection is detected, ""complex"" for a complex reflection, or ""none"" if no reflection is found. 
Context: Input is 2 utterances from a therapist-client conversation. A ""reflection"" involves repeating or rephrasing client statements, with sub-classification into Simple (RES) or Complex (REC). Simple reflections convey understanding without adding substantial meaning, while complex reflections deepen or expand on the client's statement.","Client: Mm-hmm, yeah.
Therapist: That's very common. I mean, you go where you know, um, no one's gonna look down on you.",complex,none,False,True
data/split/reflection_test_examples/none/31_af49b5e9-deed-4f66-9109-bfc59675e3b1.csv,"Requirement: Analyze 2 conversation utterances and categorize the presence of a ""reflection"" statement in the ""Therapist"" utterance. Output ""simple"" if a simple reflection is detected, ""complex"" for a complex reflection, or ""none"" if no reflection is found. 
Context: Input is 2 utterances from a therapist-client conversation. A ""reflection"" involves repeating or rephrasing client statements, with sub-classification into Simple (RES) or Complex (REC). Simple reflections convey understanding without adding substantial meaning, while complex reflections deepen or expand on the client's statement.","Client: Whoa.
Therapist: -really a problem.",none,none,True,True
data/split/reflection_test_examples/complex/133_bcab8853-3fd0-444b-a0d7-520649149b86.csv,"Requirement: Analyze 2 conversation utterances and categorize the presence of a ""reflection"" statement in the ""Therapist"" utterance. Output ""simple"" if a simple reflection is detected, ""complex"" for a complex reflection, or ""none"" if no reflection is found. 
Context: Input is 2 utterances from a therapist-client conversation. A ""reflection"" involves repeating or rephrasing client statements, with sub-classification into Simple (RES) or Complex (REC). Simple reflections convey understanding without adding substantial meaning, while complex reflections deepen or expand on the client's statement.","Client: I mean, not like they have been because we've only just started on the new road, but I mean, yeah, tense is the right word.
Therapist: Second, I'd like to talk, Daryl, about this all- whole idea, that's this crossroads idea, yep? So on the one hand here, you've got this 12 year history of being in the other system and done some time and being away from Fiona, but you're now back, sitting back together, and you've got some choice about where to go. So, in that 'where to go', what ideas have you been thinking about in terms of where this-this Daryl, non-dealing [crosstalk] guy—",complex,none,False,True
data/split/reflection_test_examples/complex/31_4871275e-1a44-4055-8202-69cbf20f3ef4.csv,"Requirement: Analyze 2 conversation utterances and categorize the presence of a ""reflection"" statement in the ""Therapist"" utterance. Output ""simple"" if a simple reflection is detected, ""complex"" for a complex reflection, or ""none"" if no reflection is found. 
Context: Input is 2 utterances from a therapist-client conversation. A ""reflection"" involves repeating or rephrasing client statements, with sub-classification into Simple (RES) or Complex (REC). Simple reflections convey understanding without adding substantial meaning, while complex reflections deepen or expand on the client's statement.","Client: Oh, yeah.
Therapist: -and that would be pretty serious. On the other hand, uh, when you found out that this drug might cause muscle weakness, that really alarmed you.",complex,complex,True,True
data/split/reflection_test_examples/complex/105_fdb7f39e-c696-4a7e-90bf-f3ebeee5a1c0.csv,"Requirement: Analyze 2 conversation utterances and categorize the presence of a ""reflection"" statement in the ""Therapist"" utterance. Output ""simple"" if a simple reflection is detected, ""complex"" for a complex reflection, or ""none"" if no reflection is found. 
Context: Input is 2 utterances from a therapist-client conversation. A ""reflection"" involves repeating or rephrasing client statements, with sub-classification into Simple (RES) or Complex (REC). Simple reflections convey understanding without adding substantial meaning, while complex reflections deepen or expand on the client's statement.","Client: -you know, and then as I'm looking at that double or triple fudge four-decker of ice cream Sunday thing, you know, that somebody is eating, I would say, ""Wow, that would be about two hours on the treadmill."" Then-then that would be probably-- the-- that would keep me from actually ordering one of those.
Therapist: Oh, okay. The payoff just wouldn't be worth that two hours of treadmill versus that double fudgy browny thingy.",complex,complex,True,True
data/split/reflection_test_examples/none/49_fe647f05-6d61-4989-96f1-3b51fefecd43.csv,"Requirement: Analyze 2 conversation utterances and categorize the presence of a ""reflection"" statement in the ""Therapist"" utterance. Output ""simple"" if a simple reflection is detected, ""complex"" for a complex reflection, or ""none"" if no reflection is found. 
Context: Input is 2 utterances from a therapist-client conversation. A ""reflection"" involves repeating or rephrasing client statements, with sub-classification into Simple (RES) or Complex (REC). Simple reflections convey understanding without adding substantial meaning, while complex reflections deepen or expand on the client's statement.","Client: Yeah.
Therapist: When you think five years ahead, which-which position do you wanna be in? Which-which feels best? Party girl still, you know, with those four credit cards maxed out major, or would you wanna be actually, you know, thinking about having traveled and, you know, maybe, starting a family, those other things? Which-which direction feels best for you at this point?",none,none,True,True
data/split/reflection_test_examples/simple/34_86cf747e-8f89-4df0-8c46-10191d788d33.csv,"Requirement: Analyze 2 conversation utterances and categorize the presence of a ""reflection"" statement in the ""Therapist"" utterance. Output ""simple"" if a simple reflection is detected, ""complex"" for a complex reflection, or ""none"" if no reflection is found. 
Context: Input is 2 utterances from a therapist-client conversation. A ""reflection"" involves repeating or rephrasing client statements, with sub-classification into Simple (RES) or Complex (REC). Simple reflections convey understanding without adding substantial meaning, while complex reflections deepen or expand on the client's statement.","Client: Um yeah, like I'm so close anyways, that I know I need to now. Um, and I just also, like, have I completely screwed this up, like, is it already too late?
Therapist: You're concerned about the health of your baby. I just would love to share with you, Nina, that every day without alcohol is a good day for your baby, and you know, starting today to have zero alcohol is a great start, and I'm wondering if that's the sort of something you'd be open to as no more alcohol at this point.",simple,complex,False,True
data/split/reflection_test_examples/complex/133_771e21c6-d2f3-4b75-93cc-f15c96f50ca5.csv,"Requirement: Analyze 2 conversation utterances and categorize the presence of a ""reflection"" statement in the ""Therapist"" utterance. Output ""simple"" if a simple reflection is detected, ""complex"" for a complex reflection, or ""none"" if no reflection is found. 
Context: Input is 2 utterances from a therapist-client conversation. A ""reflection"" involves repeating or rephrasing client statements, with sub-classification into Simple (RES) or Complex (REC). Simple reflections convey understanding without adding substantial meaning, while complex reflections deepen or expand on the client's statement.","Client: That is gut right there, going to a job you hate, going home, cooking yet missus a dinner, looking after your kids. I mean, that is-- That's what it real mean does, but I don't have that-- Th-those guts to do- to do what you do.
Therapist: Sure. We talked about courage before and you've got the guts to be talking with me about this stuff today, and I'm wondering if you actually do have some courage to think about these ideas. I'm not saying that pumping gas at minimum wage is where you wanna go, but-but the guts to actually start steeping into this other world. I wonder if you do have, I'm-I'm-I'm just not sure.",complex,complex,True,True
data/split/reflection_test_examples/complex/34_672f7758-2c89-4480-b8e1-93025cbe1f12.csv,"Requirement: Analyze 2 conversation utterances and categorize the presence of a ""reflection"" statement in the ""Therapist"" utterance. Output ""simple"" if a simple reflection is detected, ""complex"" for a complex reflection, or ""none"" if no reflection is found. 
Context: Input is 2 utterances from a therapist-client conversation. A ""reflection"" involves repeating or rephrasing client statements, with sub-classification into Simple (RES) or Complex (REC). Simple reflections convey understanding without adding substantial meaning, while complex reflections deepen or expand on the client's statement.","Client: Yeah.
Therapist: And you wanna be, um, take care of your baby as the baby's growing.",complex,none,False,True
data/split/reflection_test_examples/simple/113_30dce681-8c63-4748-8cf1-d410dfb627d0.csv,"Requirement: Analyze 2 conversation utterances and categorize the presence of a ""reflection"" statement in the ""Therapist"" utterance. Output ""simple"" if a simple reflection is detected, ""complex"" for a complex reflection, or ""none"" if no reflection is found. 
Context: Input is 2 utterances from a therapist-client conversation. A ""reflection"" involves repeating or rephrasing client statements, with sub-classification into Simple (RES) or Complex (REC). Simple reflections convey understanding without adding substantial meaning, while complex reflections deepen or expand on the client's statement.","Client: Exactly.
Therapist: So I'm hearing there are some things you really like about smoking. What about the other side? Can you tell me about some of the not-so-good things?",simple,complex,False,True
data/split/reflection_test_examples/simple/121_7d0925f4-0581-4c49-9c86-c860bcd87412.csv,"Requirement: Analyze 2 conversation utterances and categorize the presence of a ""reflection"" statement in the ""Therapist"" utterance. Output ""simple"" if a simple reflection is detected, ""complex"" for a complex reflection, or ""none"" if no reflection is found. 
Context: Input is 2 utterances from a therapist-client conversation. A ""reflection"" involves repeating or rephrasing client statements, with sub-classification into Simple (RES) or Complex (REC). Simple reflections convey understanding without adding substantial meaning, while complex reflections deepen or expand on the client's statement.","Client: Yeah, yeah. I sort of—
Therapist: So you've made our decision to do that?",simple,none,False,True
data/split/reflection_test_examples/none/89_a3f038a0-5497-4f10-8332-6d4b0db1e911.csv,"Requirement: Analyze 2 conversation utterances and categorize the presence of a ""reflection"" statement in the ""Therapist"" utterance. Output ""simple"" if a simple reflection is detected, ""complex"" for a complex reflection, or ""none"" if no reflection is found. 
Context: Input is 2 utterances from a therapist-client conversation. A ""reflection"" involves repeating or rephrasing client statements, with sub-classification into Simple (RES) or Complex (REC). Simple reflections convey understanding without adding substantial meaning, while complex reflections deepen or expand on the client's statement.","Client: Um, I mean, I guess- I guess I need some strategies for figuring out how to ease stress without, I guess, getting high.
Therapist: Okay. And that's a very good reason for being here. Um, can you talk to me about maybe some of your-- the goals that you have?",none,none,True,True
data/split/reflection_test_examples/simple/28_91057d74-97c2-4d2a-bd3c-fd5a81874ab8.csv,"Requirement: Analyze 2 conversation utterances and categorize the presence of a ""reflection"" statement in the ""Therapist"" utterance. Output ""simple"" if a simple reflection is detected, ""complex"" for a complex reflection, or ""none"" if no reflection is found. 
Context: Input is 2 utterances from a therapist-client conversation. A ""reflection"" involves repeating or rephrasing client statements, with sub-classification into Simple (RES) or Complex (REC). Simple reflections convey understanding without adding substantial meaning, while complex reflections deepen or expand on the client's statement.","Client: So, it's kind of like a double-edged sword.
Therapist: So, and I would- I would-- it really is because it wasn't like that 20 years ago.",simple,none,False,True
data/split/reflection_test_examples/none/71_c46978a0-30c2-427d-8bbf-bad9163e27c6.csv,"Requirement: Analyze 2 conversation utterances and categorize the presence of a ""reflection"" statement in the ""Therapist"" utterance. Output ""simple"" if a simple reflection is detected, ""complex"" for a complex reflection, or ""none"" if no reflection is found. 
Context: Input is 2 utterances from a therapist-client conversation. A ""reflection"" involves repeating or rephrasing client statements, with sub-classification into Simple (RES) or Complex (REC). Simple reflections convey understanding without adding substantial meaning, while complex reflections deepen or expand on the client's statement.","Client: Yeah.
Therapist: And, I guess that there will be manuals and stuff like that on-",none,none,True,True
data/split/reflection_test_examples/none/63_5a2b1e85-babc-4ad6-8dbf-3fb513f10c94.csv,"Requirement: Analyze 2 conversation utterances and categorize the presence of a ""reflection"" statement in the ""Therapist"" utterance. Output ""simple"" if a simple reflection is detected, ""complex"" for a complex reflection, or ""none"" if no reflection is found. 
Context: Input is 2 utterances from a therapist-client conversation. A ""reflection"" involves repeating or rephrasing client statements, with sub-classification into Simple (RES) or Complex (REC). Simple reflections convey understanding without adding substantial meaning, while complex reflections deepen or expand on the client's statement.","Client: My sister.
Therapist: Does she-- Have you talked to her about your meth use?",none,none,True,True
data/split/reflection_test_examples/simple/60_66b8081d-3ff7-4fd6-b293-d09834db2a6b.csv,"Requirement: Analyze 2 conversation utterances and categorize the presence of a ""reflection"" statement in the ""Therapist"" utterance. Output ""simple"" if a simple reflection is detected, ""complex"" for a complex reflection, or ""none"" if no reflection is found. 
Context: Input is 2 utterances from a therapist-client conversation. A ""reflection"" involves repeating or rephrasing client statements, with sub-classification into Simple (RES) or Complex (REC). Simple reflections convey understanding without adding substantial meaning, while complex reflections deepen or expand on the client's statement.","Client: Okay.
Therapist: I, uh, mean that's up to you.",simple,none,False,True
data/split/reflection_test_examples/none/117_412f0ed2-619a-4f5d-b2a9-0d158e2becef.csv,"Requirement: Analyze 2 conversation utterances and categorize the presence of a ""reflection"" statement in the ""Therapist"" utterance. Output ""simple"" if a simple reflection is detected, ""complex"" for a complex reflection, or ""none"" if no reflection is found. 
Context: Input is 2 utterances from a therapist-client conversation. A ""reflection"" involves repeating or rephrasing client statements, with sub-classification into Simple (RES) or Complex (REC). Simple reflections convey understanding without adding substantial meaning, while complex reflections deepen or expand on the client's statement.","Client: I guess I just wanna stop. I just feel like I'm drinking more and more 'cause I'm doing it now in the weekdays-
Therapist: Yeah.",none,none,True,True
data/split/reflection_test_examples/simple/121_042a49e5-5ea4-4959-981d-736935a3925c.csv,"Requirement: Analyze 2 conversation utterances and categorize the presence of a ""reflection"" statement in the ""Therapist"" utterance. Output ""simple"" if a simple reflection is detected, ""complex"" for a complex reflection, or ""none"" if no reflection is found. 
Context: Input is 2 utterances from a therapist-client conversation. A ""reflection"" involves repeating or rephrasing client statements, with sub-classification into Simple (RES) or Complex (REC). Simple reflections convey understanding without adding substantial meaning, while complex reflections deepen or expand on the client's statement.","Client: Okay.
Therapist: -see what sort of little changes you've managed to make. I'd be really [unintelligible 00:37:07]-",simple,none,False,True
data/split/reflection_test_examples/simple/5_c88ebc46-61d2-43e0-a2cf-b3f9a60305ec.csv,"Requirement: Analyze 2 conversation utterances and categorize the presence of a ""reflection"" statement in the ""Therapist"" utterance. Output ""simple"" if a simple reflection is detected, ""complex"" for a complex reflection, or ""none"" if no reflection is found. 
Context: Input is 2 utterances from a therapist-client conversation. A ""reflection"" involves repeating or rephrasing client statements, with sub-classification into Simple (RES) or Complex (REC). Simple reflections convey understanding without adding substantial meaning, while complex reflections deepen or expand on the client's statement.","Client: Yeah.
Therapist: Yeah? So, it sounds like it's a really-- something's really important to you about that.",simple,complex,False,True
data/split/reflection_test_examples/none/96_629d5eca-80a1-410a-b51b-72fbddf13750.csv,"Requirement: Analyze 2 conversation utterances and categorize the presence of a ""reflection"" statement in the ""Therapist"" utterance. Output ""simple"" if a simple reflection is detected, ""complex"" for a complex reflection, or ""none"" if no reflection is found. 
Context: Input is 2 utterances from a therapist-client conversation. A ""reflection"" involves repeating or rephrasing client statements, with sub-classification into Simple (RES) or Complex (REC). Simple reflections convey understanding without adding substantial meaning, while complex reflections deepen or expand on the client's statement.","Client: Yep.
Therapist: Okay. And I'm wondering as far as, um, bringing the baby into the world and, you know, your future as a parent, ho-how important is it to have a healthy baby to you?",none,none,True,True
